{
  "metrics": {
    "calibration": {
      "nse": 0.7154125841164707,
      "r2": 0.7180992111309447,
      "rmse": 0.015202159605899454,
      "pbias": -0.27429735404655364
    },
    "validation": {
      "nse": -1.0839808848797605,
      "r2": 0.5688307607531611,
      "rmse": 0.031873040876728036,
      "pbias": 35.67543926251213
    },
    "all": {
      "nse": 0.4030099950636662,
      "r2": 0.5398843998199022,
      "rmse": 0.021624435903608213,
      "pbias": 8.72827270003785
    }
  },
  "parameters": {
    "crop_storage_decay": 0.02180279977619648,
    "impervious_storage_decay": 0.0785096138715744,
    "crop_transport_efficiency": 0.3916526734828949,
    "impervious_transport_efficiency": 0.9170483350753784,
    "memory_coefficient": 0.11780828982591629,
    "split_date": "2023-09-13",
    "best_calibration_loss": 0.09720036387443542
  },
  "training": {
    "calibration_only_loss": true,
    "validation_used_for_training": false,
    "validation_used_for_checkpoint_selection": false,
    "seed": 2026,
    "epochs": 2200
  }
}