{
  "metrics": {
    "calibration": {
      "nse": 0.7156107038738272,
      "r2": 0.7188858990914611,
      "rmse": 0.015196867079996094,
      "pbias": -1.7144157687038166
    },
    "validation": {
      "nse": -1.0192434574960432,
      "r2": 0.5607967685885348,
      "rmse": 0.0313740783201386,
      "pbias": 34.18843761199747
    },
    "all": {
      "nse": 0.4152953756990444,
      "r2": 0.5317433812950857,
      "rmse": 0.021400776010459827,
      "pbias": 7.276413737190482
    }
  },
  "ensemble_size": 120,
  "training": {
    "base_model_trained_with_calibration_only": true,
    "validation_used_for_ensemble_member_generation": false,
    "residual_bootstrap_source": "calibration_only"
  }
}