{
  "metrics": {
    "calibration": {
      "nse": 0.6760177509748453,
      "r2": 0.6855320352071991,
      "rmse": 0.01622026890001308,
      "pbias": 2.1514163249163816
    },
    "validation": {
      "nse": 0.7464241399613171,
      "r2": 0.7490880258923082,
      "rmse": 0.011118100302249934,
      "pbias": 0.22551335559950883
    },
    "all": {
      "nse": 0.7177793771716969,
      "r2": 0.7230320130553122,
      "rmse": 0.01486810536792008,
      "pbias": 1.6691297206062325
    }
  },
  "ensemble_size": 120
}