{
  "metrics": {
    "calibration": {
      "nse": 0.5448450720628126,
      "r2": 0.5578171004383774,
      "rmse": 0.019225474455180067,
      "pbias": -0.45351379113863843
    },
    "validation": {
      "nse": 0.413689734757443,
      "r2": 0.563216745629793,
      "rmse": 0.016905981256393792,
      "pbias": 13.19785675692063
    },
    "all": {
      "nse": 0.5603644649317645,
      "r2": 0.5728280167012093,
      "rmse": 0.018556995032586707,
      "pbias": 2.9650764757107937
    }
  },
  "objective": 0.1554554053097959,
  "differential_evolution": {
    "fun": 0.34701252301920044,
    "nit": 22
  },
  "powell_refine": {
    "success": true,
    "fun": 0.1554554053097959
  },
  "training": {
    "calibration_only_objective": true,
    "validation_used_for_training": false,
    "validation_used_for_parameter_selection": false
  }
}