{
  "metrics": {
    "calibration": {
      "nse": 0.6289504533526837,
      "r2": 0.6322971294386599,
      "rmse": 0.01735854798792644,
      "pbias": 0.6162443724704186
    },
    "validation": {
      "nse": -0.03154509961578644,
      "r2": 0.5807174240979288,
      "rmse": 0.022424395489755566,
      "pbias": -24.380413884204287
    },
    "all": {
      "nse": 0.5377757707928655,
      "r2": 0.5745481987393115,
      "rmse": 0.019027757621860496,
      "pbias": -5.643444522442628
    }
  },
  "objective": 0.07450134467761041,
  "nit": 18
}