{
  "metrics": {
    "calibration": {
      "nse": 0.7668712314796848,
      "r2": 0.7676032897145544,
      "rmse": 0.013759269479373105,
      "pbias": 0.34829617213303865
    },
    "validation": {
      "nse": -2.4825378444398516,
      "r2": 0.5712821174646141,
      "rmse": 0.041202593770069615,
      "pbias": 39.38842341303824
    },
    "all": {
      "nse": 0.177974081211972,
      "r2": 0.49426312477955475,
      "rmse": 0.025374880919160972,
      "pbias": 10.124765027950264
    }
  },
  "ablation": {
    "type": "stop_gradient_source_generation",
    "source_generation_file": "D:\\desktop\\TP_daily_model_rollback_uniform_clean_20260420\\results\\predictions\\tp_differentiable_source_generation.csv",
    "source_generation_trainable": false,
    "downstream_parameters_trainable": true,
    "validation_used_for_training": false,
    "best_checkpoint_selected_on": "calibration_loss_only",
    "best_calibration_loss": 0.07940030097961426
  }
}