{
  "tag": "rollback_uniform_tp",
  "best_epoch": 160,
  "score": -27.752390914115878,
  "split": {
    "total_days": 365,
    "train_days": 351,
    "val_days": 14
  },
  "train_metrics": {
    "nse": 0.5545333034842292,
    "r2": 0.5584804882435204,
    "rmse": 0.018552824324807503,
    "mae": 0.011450164209573696,
    "bias": -0.0013085874247754745
  },
  "val_metrics": {
    "nse": 0.5357834318367114,
    "r2": 0.5390247100495483,
    "rmse": 0.007840029537433187,
    "mae": 0.005039231498326574,
    "bias": 0.0001251151540449693
  },
  "train_wet_metrics": {
    "nse": 0.6077172435163792,
    "r2": 0.6640477891308256,
    "rmse": 0.01784887796822446,
    "mae": 0.010412322958636153,
    "bias": 0.0017030319845090147
  },
  "raw_train_metrics": {
    "nse": -7.478555198461015,
    "r2": NaN,
    "rmse": 0.08094002563186986,
    "mae": 0.07601709401709401,
    "bias": -0.07601709401709401
  },
  "raw_val_metrics": {
    "nse": -15.39087546239211,
    "r2": NaN,
    "rmse": 0.046586325400118374,
    "mae": 0.04514285714285714,
    "bias": -0.04514285714285714
  }
}