n_members,nse_mean,nse_std,r2_mean,rmse_mean
100,0.7032374002349795,0.019074368041845487,0.7191204323339784,0.015238621708450927
