period,NSE,R2,RMSE,MAE,Bias,PBIAS
calibration,0.7149201697949001,0.7157431267948274,0.015215305875523997,0.010475812780392156,-0.0006799686862745103,-0.8468888101982596
validation,0.7770391680372957,0.785034037831937,0.01042535667938787,0.00802386459090909,0.00033910006363636376,0.5453363596490431
full,0.7516985040493706,0.7524498581929904,0.01394604060214999,0.009736869490410957,-0.00037285207671232894,-0.4982463498571981
